Carpark_ID,Area,Development,Date,Hour,Latitude,Longitude,Available Lots,Lot Type,Agency
1,Marina,Suntec City,01-04-2024,17,1.29375,103.85718,1683,Cars,LTA
2,Marina,Marina Square,01-04-2024,17,1.29115,103.85728,1324,Cars,LTA
3,Marina,Raffles City,01-04-2024,17,1.29382,103.85319,572,Cars,LTA
4,Marina,The Esplanade,01-04-2024,17,1.29011,103.85561,623,Cars,LTA
5,Marina,Millenia Singapore,01-04-2024,17,1.29251,103.86009,696,Cars,LTA
6,Marina,Singapore Flyer,01-04-2024,17,1.28944,103.86311,243,Cars,LTA
16,Harbfront,VivoCity P3,01-04-2024,17,1.26421,103.82263,0,Cars,LTA
17,Harbfront,Sentosa,01-04-2024,17,1.25017,103.83126,1496,Cars,LTA
19,Harbfront,Harbourfront Centre,01-04-2024,17,1.26426,103.82011,626,Cars,LTA
50,Harbfront,VivoCity P2,01-04-2024,17,1.26426,103.82164,749,Cars,LTA
20,Orchard,Far East Plaza,01-04-2024,17,1.3071,103.83359,232,Cars,LTA
18,Orchard,Tang Plaza,01-04-2024,17,1.30491,103.83312,263,Cars,LTA
15,Orchard,Wheelock Place,01-04-2024,17,1.3048,103.83063,84,Cars,LTA
13,Orchard,Ngee Ann City,01-04-2024,17,1.30236,103.8349,740,Cars,LTA
12,Orchard,Mandarin Hotel,01-04-2024,17,1.30216,103.83601,106,Cars,LTA
11,Orchard,Cineleisure,01-04-2024,17,1.30151,103.83641,222,Cars,LTA
21,Orchard,Centrepoint,01-04-2024,17,1.302,103.83975,206,Cars,LTA
24,Orchard,313@Somerset,01-04-2024,17,1.30084,103.83872,122,Cars,LTA
7,Orchard,Orchard Point,01-04-2024,17,1.30135,103.84061,82,Cars,LTA
22,Orchard,Concorde Hotel,01-04-2024,17,1.3006,103.84191,243,Cars,LTA
9,Orchard,Plaza Singapura,01-04-2024,17,1.30103,103.84503,421,Cars,LTA
23,Orchard,ION Orchard,01-04-2024,17,1.30403,103.83206,261,Cars,LTA
14,Orchard,Wisma Atria,01-04-2024,17,1.30366,103.83327,180,Cars,LTA
8,Orchard,The Heeren,01-04-2024,17,1.30255,103.83739,107,Cars,LTA
26,Harbfront,Resorts World Sentosa,01-04-2024,17,1.25667,103.82012,2019,Cars,LTA
27,Orchard,Orchard Central,01-04-2024,17,1.30072,103.83979,234,Cars,LTA
43,JurongLakeDistrict,Westgate,01-04-2024,17,1.3343,103.74282,292,Cars,LTA
52,Orchard,Orchard Gateway,01-04-2024,17,1.30048,103.83931,189,Cars,LTA
53,JurongLakeDistrict,IMM Building,01-04-2024,17,1.334847,103.746815,627,Cars,LTA
54,JurongLakeDistrict,JCube,01-04-2024,17,1.33341,103.740088,54,Cars,LTA
55,Orchard,Paragon,01-04-2024,17,1.3038,103.83585,173,Cars,LTA
56,Marina,National Gallery,01-04-2024,17,1.29027,103.85167,196,Cars,LTA
57,Orchard,The Atrium@Orchard,01-04-2024,17,1.299781,103.84552,18,Cars,LTA
58,Others,Bukit Panjang Plaza,01-04-2024,17,1.37974,103.7644,230,Cars,LTA
59,Others,Clarke Quay,01-04-2024,17,1.290678,103.84648,141,Cars,LTA
60,Others,The Star Vista,01-04-2024,17,1.306787,103.78843,768,Cars,LTA
61,Others,Bugis+,01-04-2024,17,1.299748,103.85414,222,Cars,LTA
62,Others,Lot One,01-04-2024,17,1.385126,103.74494,196,Cars,LTA
63,Others,Tampines Mall,01-04-2024,17,1.352524,103.9447,370,Cars,LTA
64,Others,Junction 8,01-04-2024,17,1.350521,103.84859,139,Cars,LTA
65,Others,Bedok Mall,01-04-2024,17,1.3248,103.92939,95,Cars,LTA
66,Others,Funan Mall,01-04-2024,17,1.2911,103.8502,203,Cars,LTA
A0007,,ANGULLIA PARK OFF STREET,01-04-2024,17,1.3053280313212745,103.82957069514487,0,Motorcycles,URA
A0007,,ANGULLIA PARK OFF STREET,01-04-2024,17,1.3053280313212745,103.82957069514487,125,Cars,URA
A0011,,ARMENIAN STREET OFF STREET,01-04-2024,17,1.2939260442319098,103.84886606187928,27,Cars,URA
A0017,,ARAB STREET - QUEEN STREET OFF STREET,01-04-2024,17,1.3029418442251717,103.8570252731165,50,Cars,URA
A0017,,ARAB STREET - QUEEN STREET OFF STREET,01-04-2024,17,1.3029418442251717,103.8570252731165,0,Motorcycles,URA
A0021,,AMOY STREET OFF STREET,01-04-2024,17,1.280790422979401,103.84717734239698,2,Cars,URA
A0024,,ADAM ROAD FOOD CENTRE OFF STREET,01-04-2024,17,1.3241651253846232,103.81389905625699,15,Cars,URA
A0035,,ANTHONY ROAD OFF STREET,01-04-2024,17,1.3102963501645526,103.83689301654506,5,Cars,URA
A0046,,ALJUNIED ROAD OFF STREET,01-04-2024,17,1.3138928367737375,103.88178819343076,1,Cars,URA
B0031,,BEATTY ROAD OFF STREET,01-04-2024,17,1.31411103114537,103.85960539693774,0,Cars,URA
B0032,,BUKIT TIMAH MARKET OFF STREET,01-04-2024,17,1.3390889296394692,103.77639634689159,61,Cars,URA
B0063,,BUKIT BATOK NATURE PARK OFF STREET,01-04-2024,17,1.3473952305358945,103.76148104640775,5,Motorcycles,URA
B0063,,BUKIT BATOK NATURE PARK OFF STREET,01-04-2024,17,1.3473952305358945,103.76148104640775,93,Cars,URA
B0087,,BAGHDAD STREET OFF STREET,01-04-2024,17,1.3013034071461544,103.86037519945218,22,Cars,URA
B0088,,BEDOK ROAD FOOD CENTRE OFF STREET,01-04-2024,17,1.320882494257288,103.95521451777431,52,Cars,URA
C0119,,CEYLON ROAD OFF STREET,01-04-2024,17,1.3098549757016427,103.89943305397595,4,Cars,URA
C0133,,CARPENTER STREET OFF STREET,01-04-2024,17,1.288265760877135,103.84818289117743,0,Cars,URA
C0133,,CARPENTER STREET OFF STREET,01-04-2024,17,1.288265760877135,103.84818289117743,0,Motorcycles,URA
C0148,,CLEMENCEAU AVENUE NORTH (NEWTON FC),01-04-2024,17,1.311099801941753,103.83975443333466,223,Cars,URA
C0162,,CLEMENCEAU AVENUE OFF STREET,01-04-2024,17,1.2939732461823374,103.84451675349408,28,Cars,URA
C0162,,CLEMENCEAU AVENUE OFF STREET,01-04-2024,17,1.2939732461823374,103.84451675349408,0,Motorcycles,URA
D0006,,DUXTON HILL OFF STREET,01-04-2024,17,1.279121361423107,103.84307668605454,26,Cars,URA
D0026,,DICKSON ROAD OFF STREET,01-04-2024,17,1.305896126598381,103.85356732694177,2,Motorcycles,URA
D0026,,DICKSON ROAD OFF STREET,01-04-2024,17,1.305896126598381,103.85356732694177,0,Cars,URA
D0028,,DELTA CIRCUS FRINGE CAR PARK,01-04-2024,17,1.2893051001281517,103.82465436208551,162,Cars,URA
D0030,,42 DEFU LANE 7 HVP,01-04-2024,17,,,0,Heavy Vehicles,URA
E0023,,EAST COAST PARK E3 OFF STREET,01-04-2024,17,1.3086487746583644,103.9362443048082,40,Cars,URA
E0023,,EAST COAST PARK E3 OFF STREET,01-04-2024,17,1.3086487746583644,103.9362443048082,0,Motorcycles,URA
E0024,,EAST COAST PARK E2 OFF STREET,01-04-2024,17,1.307348456008773,103.93582213821071,0,Motorcycles,URA
E0024,,EAST COAST PARK E2 OFF STREET,01-04-2024,17,1.307348456008773,103.93582213821071,216,Cars,URA
E0027,,EAST COAST PARK E1 OFF STREET,01-04-2024,17,1.306893520703497,103.92999292150216,525,Cars,URA
E0027,,EAST COAST PARK E1 OFF STREET,01-04-2024,17,1.306893520703497,103.92999292150216,0,Motorcycles,URA
H0003,,HAMILTON ROAD OFF STREET,01-04-2024,17,1.3116896699384313,103.86174541990424,1,Cars,URA
H0004,,HOLLAND DR-NORTH BOUNA VISTA RD OFF STREET,01-04-2024,17,1.3119377259846055,103.79266055694676,64,Cars,URA
H0011,,HOLLAND DRIVE OFF STREET,01-04-2024,17,1.3106947374214337,103.79320773289525,186,Cars,URA
H0011,,HOLLAND DRIVE OFF STREET,01-04-2024,17,1.3106947374214337,103.79320773289525,8,Motorcycles,URA
H0015,,HINDOO ROAD OFF STREET,01-04-2024,17,1.3085901317745132,103.85406595189491,3,Cars,URA
H0022,,HULLET ROAD OFF STREET,01-04-2024,17,1.3032004091309377,103.83904302350693,18,Cars,URA
H0024,,HONG LIM PARK OFF STREET,01-04-2024,17,1.2864010712092964,103.84732683484889,4,Cars,URA
H0057,,HINDOO ROAD-KAMPONG KAPOR ROAD OFF STREET,01-04-2024,17,1.307959413362438,103.85449803048786,5,Cars,URA
J0017,,JOO CHIAT ROAD OFF STREET,01-04-2024,17,1.3089312793016843,103.90342597378925,31,Motorcycles,URA
J0017,,JOO CHIAT ROAD OFF STREET,01-04-2024,17,1.3089312793016843,103.90342597378925,60,Cars,URA
J0054,,JALAN BESAR - BEATTY ROAD OFF STREET,01-04-2024,17,1.3135186603571622,103.85919495839546,0,Motorcycles,URA
J0054,,JALAN BESAR - BEATTY ROAD OFF STREET,01-04-2024,17,1.3135186603571622,103.85919495839546,0,Cars,URA
J0055,,JALAN SEH CHUAN OFF STREET,01-04-2024,17,1.3416072968225916,103.77498352136544,89,Cars,URA
J0092,,JALAN KURAS OFF STREET,01-04-2024,17,1.3733164289278814,103.82902743813321,30,Cars,URA
J0100,,JALAN PELEPAH OFF STREET,01-04-2024,17,1.2740710679512592,103.79551529813891,5,Motorcycles,URA
J0100,,JALAN PELEPAH OFF STREET,01-04-2024,17,1.2740710679512592,103.79551529813891,21,Cars,URA
J0122,,JALAN KAYU OFF STREET,01-04-2024,17,1.3988702481648212,103.87298020876878,181,Cars,URA
J0122,,JALAN KAYU OFF STREET,01-04-2024,17,1.3988702481648212,103.87298020876878,19,Motorcycles,URA
K0037,,KING GEORGES AVENUE OFF STREET,01-04-2024,17,1.3102875316446452,103.86155503310928,10,Cars,URA
K0039,,KING GEORGES AVENUE- HORNE ROAD OFF STREET,01-04-2024,17,1.310011717603521,103.86195254067123,15,Cars,URA
K0082,,KAMPONG BUGIS OFF STRE ET,01-04-2024,17,1.3060643999336945,103.86731520521826,5,Motorcycles,URA
K0082,,KAMPONG BUGIS OFF STRE ET,01-04-2024,17,1.3060643999336945,103.86731520521826,15,Cars,URA
K0111,,KINTA ROAD OFF STREET,01-04-2024,17,1.309743436667126,103.8532569434198,7,Motorcycles,URA
K0111,,KINTA ROAD OFF STREET,01-04-2024,17,1.309743436667126,103.8532569434198,4,Cars,URA
K0121,,KAMPONG KAPOR ROAD OFF STREET,01-04-2024,17,1.306579163961294,103.8540518138273,2,Motorcycles,URA
K0121,,KAMPONG KAPOR ROAD OFF STREET,01-04-2024,17,1.306579163961294,103.8540518138273,27,Cars,URA
L0064,,LORONG 21 GEYLANG OFF STREET,01-04-2024,17,1.3138418922590445,103.87984207773486,1,Motorcycles,URA
L0064,,LORONG 21 GEYLANG OFF STREET,01-04-2024,17,1.3138418922590445,103.87984207773486,29,Cars,URA
L0078,,LORONG MYDIN OFF STREET,01-04-2024,17,1.3191579615926596,103.91187813269345,10,Motorcycles,URA
L0078,,LORONG MYDIN OFF STREET,01-04-2024,17,1.3191579615926596,103.91187813269345,15,Cars,URA
L0104,,LORONG BEKUKONG OFF STREET,01-04-2024,17,1.3902114129018883,103.98732091158162,0,Motorcycles,URA
L0104,,LORONG BEKUKONG OFF STREET,01-04-2024,17,1.3902114129018883,103.98732091158162,28,Cars,URA
L0107,,LORONG BACHOK OFF STREET,01-04-2024,17,1.3137312534590921,103.879441454655,12,Cars,URA
L0107,,LORONG BACHOK OFF STREET,01-04-2024,17,1.3137312534590921,103.879441454655,1,Motorcycles,URA
L0116,,LORONG 21 GEYLANG - GEYLANG ROAD OFF ST,01-04-2024,17,1.31297192802134,103.88051592242522,0,Cars,URA
L0117,,LORONG 25-25A GEYLANG OFF STREET,01-04-2024,17,1.3154114085899413,103.88282913196923,5,Motorcycles,URA
L0117,,LORONG 25-25A GEYLANG OFF STREET,01-04-2024,17,1.3154114085899413,103.88282913196923,90,Cars,URA
L0123,,LORONG 9-11 GEYLANG OFF STREET,01-04-2024,17,1.3132431536109048,103.87646592168618,43,Cars,URA
L0123,,LORONG 9-11 GEYLANG OFF STREET,01-04-2024,17,1.3132431536109048,103.87646592168618,0,Motorcycles,URA
L0124,,LORONG 37 GEYLANG OFF STREET,01-04-2024,17,1.315091678312372,103.88943334952766,0,Motorcycles,URA
L0124,,LORONG 37 GEYLANG OFF STREET,01-04-2024,17,1.315091678312372,103.88943334952766,12,Cars,URA
L0125,,LORONG 31 GEYLANG OFF STREET,01-04-2024,17,1.3150474541189618,103.88714181883965,4,Motorcycles,URA
L0125,,LORONG 31 GEYLANG OFF STREET,01-04-2024,17,1.3150474541189618,103.88714181883965,19,Cars,URA
M0040,,MACKENZIE ROAD A OFF STREET,01-04-2024,17,1.305166862591867,103.84955574725188,41,Cars,URA
M0059,,MACKENZIE ROAD B OFF STREET,01-04-2024,17,1.3058536755285977,103.8475647241317,29,Heavy Vehicles,URA
M0059,,MACKENZIE ROAD B OFF STREET,01-04-2024,17,1.3058536755285977,103.8475647241317,3,Cars,URA
M0076,,MINBU ROAD OFF STREET,01-04-2024,17,1.3252001004070917,103.84890841545035,77,Cars,URA
M0076,,MINBU ROAD OFF STREET,01-04-2024,17,1.3252001004070917,103.84890841545035,7,Motorcycles,URA
M0078,,MARITIME SQUARE D OFF STREET,01-04-2024,17,1.2665572188609842,103.82037098540381,46,Motorcycles,URA
M0078,,MARITIME SQUARE D OFF STREET,01-04-2024,17,1.2665572188609842,103.82037098540381,105,Cars,URA
M0084,,MARINA VIEW OFF STREET,01-04-2024,17,1.2746496875172093,103.84947277096812,8,Cars,URA
M0088,,MARGARET DRIVE OFF STREET,01-04-2024,17,1.3004199971190586,103.8030164003216,47,Cars,URA
N0006,,NEIL ROAD OFF STREET,01-04-2024,17,1.2793383109971352,103.84191274173004,8,Cars,URA
N0012,,NORTH BRIDGE ROAD MARKET OFF STREET,01-04-2024,17,1.3060825735308885,103.86355580061468,4,Cars,URA
N0013,,NORTH BRIDGE ROAD OFF STREET,01-04-2024,17,1.3004003577425163,103.85664662586295,0,Cars,URA
O0028,,OUTRAM ROAD OFF STREET,01-04-2024,17,1.284380404146159,103.83543041047004,30,Cars,URA
O0028,,OUTRAM ROAD OFF STREET,01-04-2024,17,1.284380404146159,103.83543041047004,0,Motorcycles,URA
P0013,,PRINCE EDWARD ROAD - SHENTON WAY OFF STREET,01-04-2024,17,1.2751330286026736,103.84819161849495,8,Cars,URA
P0033,,PASIR RIS CLOSE OFF STREET,01-04-2024,17,1.3769386098723717,103.95649247971937,241,Cars,URA
P0048,,PEARL BANK OFF STREET,01-04-2024,17,1.2833483597834672,103.84053784909122,0,Motorcycles,URA
P0048,,PEARL BANK OFF STREET,01-04-2024,17,1.2833483597834672,103.84053784909122,18,Cars,URA
P0054,,PASIR PANJANG FOOD CENTRE OFF STREET,01-04-2024,17,1.276199590285395,103.79131016138153,0,Motorcycles,URA
P0054,,PASIR PANJANG FOOD CENTRE OFF STREET,01-04-2024,17,1.276199590285395,103.79131016138153,28,Cars,URA
P0075,,PENHAS ROAD - LAVENDER STREET OFF STREET,01-04-2024,17,1.3099941806456645,103.86276472942548,12,Cars,URA
P0093,,PASIR PANJANG ROAD OFF STREET,01-04-2024,17,1.2767043723268199,103.79566016940372,1,Cars,URA
P0093,,PASIR PANJANG ROAD OFF STREET,01-04-2024,17,1.2767043723268199,103.79566016940372,0,Motorcycles,URA
P0094,,PASIR PANJANG ROAD - SOUTH BUONA VISTA ROAD,01-04-2024,17,1.278902209141637,103.78560248250301,19,Cars,URA
P0094,,PASIR PANJANG ROAD - SOUTH BUONA VISTA ROAD,01-04-2024,17,1.278902209141637,103.78560248250301,14,Motorcycles,URA
P0096,,PENANG ROAD OFF STREET,01-04-2024,17,1.29980874920638,103.84212527391578,10,Cars,URA
P0106,,PASIR PANJANG ROAD- CLEMENTI ROAD OFF ST,01-04-2024,17,1.2915978691049539,103.76812504370315,1,Motorcycles,URA
P0106,,PASIR PANJANG ROAD- CLEMENTI ROAD OFF ST,01-04-2024,17,1.2915978691049539,103.76812504370315,30,Cars,URA
P0109,,PASIR RIS PARK CAR PARK E OFF STREET,01-04-2024,17,1.3845964153673076,103.94389307173311,0,Cars,URA
P0111,,PAHANG STREET OFF STREET,01-04-2024,17,1.301759650174214,103.86086565472472,2,Cars,URA
P0113,,PASIR PANJANG FOOD CENTRE (TEMP) OFF ST,01-04-2024,17,1.2753574846084121,103.79247441821592,62,Cars,URA
P0113,,PASIR PANJANG FOOD CENTRE (TEMP) OFF ST,01-04-2024,17,1.2753574846084121,103.79247441821592,4,Motorcycles,URA
P0117,,PECK SEAH STREET OFF STREET,01-04-2024,17,1.2774732980425016,103.84526725130084,42,Motorcycles,URA
P0117,,PECK SEAH STREET OFF STREET,01-04-2024,17,1.2774732980425016,103.84526725130084,41,Cars,URA
Q0006,,QUEEN STREET OFF STREET,01-04-2024,17,1.2999226816586922,103.85336325926622,0,Cars,URA
Q0008,,QUEENSWAY OFF STREET ( RIDEOUT TEA GARDEN),01-04-2024,17,1.304678940975563,103.80216512483725,25,Cars,URA
S0020,,SEMBAWANG HILLS FOOD CENTRE OFF STREET,01-04-2024,17,1.3722654677464599,103.8288231857784,16,Cars,URA
S0049,,Serangoon Rd-Lavender St Off Street,01-04-2024,17,1.3148874577182357,103.8585875713976,69,Cars,URA
S0049,,Serangoon Rd-Lavender St Off Street,01-04-2024,17,1.3148874577182357,103.8585875713976,2,Motorcycles,URA
S0055,,SERANGOON GARDEN MARKET OFF STREET,01-04-2024,17,1.3627998667047532,103.86632587825486,69,Cars,URA
S0106,,SIN MING DRIVE OFF STREET,01-04-2024,17,1.3566926857648622,103.83606317799318,59,Cars,URA
S0108,,SHREWSBURY ROAD OFF STREET,01-04-2024,17,1.3186024746953806,103.85067798545586,3,Motorcycles,URA
S0108,,SHREWSBURY ROAD OFF STREET,01-04-2024,17,1.3186024746953806,103.85067798545586,25,Cars,URA
S0112,,SEAH IM ROAD OFF STREET,01-04-2024,17,1.2680395173231764,103.81759598210823,148,Cars,URA
S0112,,SEAH IM ROAD OFF STREET,01-04-2024,17,1.2680395173231764,103.81759598210823,14,Heavy Vehicles,URA
S0112,,SEAH IM ROAD OFF STREET,01-04-2024,17,1.2680395173231764,103.81759598210823,86,Motorcycles,URA
S0150,,SULTAN GATE - ALIWAL STREET OFF STREET,01-04-2024,17,1.3024545607005944,103.86058819582028,0,Motorcycles,URA
S0150,,SULTAN GATE - ALIWAL STREET OFF STREET,01-04-2024,17,1.3024545607005944,103.86058819582028,4,Cars,URA
S0166,,SEMBAWANG RD-ADMIRALTY RD EAST OFF STREET,01-04-2024,17,1.4536994107826589,103.83314342176924,42,Cars,URA
S0166,,SEMBAWANG RD-ADMIRALTY RD EAST OFF STREET,01-04-2024,17,1.4536994107826589,103.83314342176924,13,Motorcycles,URA
S0171,,SPOONER ROAD OFF STREET,01-04-2024,17,1.2756889219219043,103.8350591496928,33,Cars,URA
S0171,,SPOONER ROAD OFF STREET,01-04-2024,17,1.2756889219219043,103.8350591496928,13,Motorcycles,URA
T0017,,TIONG BAHRU PARK OFF STREET,01-04-2024,17,1.2869316650017533,103.82464089829915,14,Cars,URA
T0103,,TEMBELING ROAD OFF STREET,01-04-2024,17,1.3128601116279206,103.90081283677726,12,Motorcycles,URA
T0103,,TEMBELING ROAD OFF STREET,01-04-2024,17,1.3128601116279206,103.90081283677726,141,Cars,URA
T0129,,TANJONG KATONG COMPLEX,01-04-2024,17,1.3168901823921382,103.89522931567416,127,Cars,URA
T0140,,TANJONG KATONG ROAD OFF STREET,01-04-2024,17,1.3068395612884849,103.89608109782583,79,Cars,URA
T0140,,TANJONG KATONG ROAD OFF STREET,01-04-2024,17,1.3068395612884849,103.89608109782583,11,Motorcycles,URA
U0036,,UPPER EAST COAST ROAD OFF STREET,01-04-2024,17,1.3122387155540085,103.92605288490613,93,Cars,URA
U0042,,UPPER CHANGI ROAD - BEDOK ROAD OFF STREET,01-04-2024,17,1.3321242011794179,103.9464677456276,22,Cars,URA
V0007,,VERDUN ROAD OFF STREET,01-04-2024,17,1.310324224867271,103.85612855572867,1,Cars,URA
W0029,,WEST COAST PARK 1 OFF STREET,01-04-2024,17,1.2896228087061794,103.77142607054463,56,Cars,URA
W0055,,WARNA ROAD OFF STREET,01-04-2024,17,1.3110802058970243,103.79619690369877,0,Cars,URA
Y0019,,YAN KIT ROAD - CANTONMENT ROAD OFF ST,01-04-2024,17,1.274548916040047,103.8414295793987,15,Cars,URA
Y0019,,YAN KIT ROAD - CANTONMENT ROAD OFF ST,01-04-2024,17,1.274548916040047,103.8414295793987,0,Motorcycles,URA
A2,,BLK 206/207 ANG MO KIO STREET 22,01-04-2024,17,1.3662370557749661,103.84304639719986,133,Cars,HDB
A4,,BLK 217/220 ANG MO KIO AVENUE 1,01-04-2024,17,1.3656916205890623,103.84119216501801,238,Cars,HDB
A7,,BLK 212/213 ANG MO KIO STREET 23,01-04-2024,17,1.3683924870182864,103.84130175438884,187,Cars,HDB
A8,,BLK 209/210 ANG MO KIO STREET 22,01-04-2024,17,1.3687560709891127,103.84330771146703,13,Cars,HDB
A9,,BLK 202/203 ANG MO KIO STREET 22,01-04-2024,17,1.3680743699753581,103.84439219780583,73,Cars,HDB
B6,,BLK 204/209 NEW UPPER CHANGI ROAD,01-04-2024,17,1.3263304965623701,103.93033953937294,257,Cars,HDB
B7,,BLK 211/218 BEDOK NORTH STREET 1,01-04-2024,17,1.3251312398151527,103.93192173162576,11,Cars,HDB
B8,,BLK 201/203 BEDOK NORTH STREET 1,01-04-2024,17,1.3258814964598793,103.9282762330767,40,Cars,HDB
B9,,BLK 402/403 BEDOK NORTH AVENUE 3,01-04-2024,17,1.330172708654616,103.93381517924433,158,Cars,HDB
C5,,"BLK 358-360,362-363,366-367 CLEMENTI AVE 2",01-04-2024,17,1.3131026590516381,103.76957394864736,100,Heavy Vehicles,HDB
C5,,"BLK 358-360,362-363,366-367 CLEMENTI AVE 2",01-04-2024,17,1.3131026590516381,103.76957394864736,134,Motorcycles,HDB
C5,,"BLK 358-360,362-363,366-367 CLEMENTI AVE 2",01-04-2024,17,1.3131026590516381,103.76957394864736,143,Cars,HDB
C6,,BLK 328-334 CLEMENTI AVE 2,01-04-2024,17,1.314488113912262,103.76769116550204,132,Cars,HDB
C7,,BLK 349-355 CLEMENTI AVE 2,01-04-2024,17,1.3148838722789522,103.77075500850248,4,Cars,HDB
C8,,BLK 335/338 CLEMENTI AVE 2,01-04-2024,17,1.3166746567855399,103.7686311034558,190,Cars,HDB
C9,,BLK 340/342/343/346-348 CLEMENTI AVE 5,01-04-2024,17,1.3176492492386984,103.77031234940921,0,Heavy Vehicles,HDB
C9,,BLK 340/342/343/346-348 CLEMENTI AVE 5,01-04-2024,17,1.3176492492386984,103.77031234940921,98,Motorcycles,HDB
C9,,BLK 340/342/343/346-348 CLEMENTI AVE 5,01-04-2024,17,1.3176492492386984,103.77031234940921,157,Cars,HDB
CY,,BLK 269/269A/269B CHENG YAN COURT CAR PARK,01-04-2024,17,1.3006260281119737,103.85366487138317,0,Cars,HDB
H3,,BLK 87 ZION RD,01-04-2024,17,1.291008686889873,103.83251535744483,0,Heavy Vehicles,HDB
H3,,BLK 87 ZION RD,01-04-2024,17,1.291008686889873,103.83251535744483,16,Cars,HDB
H3,,BLK 87 ZION RD,01-04-2024,17,1.291008686889873,103.83251535744483,53,Motorcycles,HDB
H4,,BLK 22 HAVELOCK RD,01-04-2024,17,1.2880938969308275,103.8293714053682,37,Cars,HDB
H6,,BLK 77/79 GANGES AVENUE,01-04-2024,17,1.2913696641308,103.82898358689255,122,Cars,HDB
H8,,BLKS 4-8 TAMAN HO SWEE,01-04-2024,17,1.2877269654897545,103.830922138015,9,Cars,HDB
H8,,BLKS 4-8 TAMAN HO SWEE,01-04-2024,17,1.2877269654897545,103.830922138015,0,Motorcycles,HDB
H8,,BLKS 4-8 TAMAN HO SWEE,01-04-2024,17,1.2877269654897545,103.830922138015,0,Heavy Vehicles,HDB
J1,,BLK 101/107 JURONG EAST ST 13,01-04-2024,17,1.3364297229730604,103.73809826514403,234,Cars,HDB
J2,,BLK 108/110 JURONG EAST ST 13,01-04-2024,17,1.3386077600557718,103.7367713135244,135,Cars,HDB
J3,,BLK 111/116 JURONG EAST ST 13,01-04-2024,17,1.3394948365729908,103.73548477934006,240,Cars,HDB
J4,,BLK 201/206 JURONG EAST ST 21,01-04-2024,17,1.3375301693759827,103.74190260101679,63,Cars,HDB
J5,,BLK 207/208 JURONG EAST ST 21,01-04-2024,17,1.3383144751817373,103.74241817422428,145,Cars,HDB
J6,,BLK 209/214 JURONG EAST ST 21,01-04-2024,17,1.3390681001021136,103.73885142891037,177,Cars,HDB
J7,,BLK 215A/231 JURONG EAST ST 21,01-04-2024,17,1.3415438729532339,103.73803314961165,591,Cars,HDB
J8,,BLK 232/240 JURONG EAST ST 21,01-04-2024,17,1.3404301943656023,103.74157403903646,230,Cars,HDB
J9,,BLK 241/245 JURONG EAST ST 24,01-04-2024,17,1.342122435217394,103.74200092091989,95,Cars,HDB
K2,,"BLK 9,10,12 PINE CLOSE",01-04-2024,17,1.3087364754969968,103.88235130672615,44,Cars,HDB
K2,,"BLK 9,10,12 PINE CLOSE",01-04-2024,17,1.3087364754969968,103.88235130672615,36,Motorcycles,HDB
K2,,"BLK 9,10,12 PINE CLOSE",01-04-2024,17,1.3087364754969968,103.88235130672615,0,Heavy Vehicles,HDB
K7,,BLK 51 OLD AIRPORT ROAD,01-04-2024,17,1.3088945188713825,103.88601691043658,21,Cars,HDB
L1,,BLK 415-420 LOR LEW LIAN,01-04-2024,17,1.3495058318686604,103.87535455642119,61,Cars,HDB
M1,,BLK 85 TO 94/92A PIPIT ROAD,01-04-2024,17,1.3230747812470922,103.88643638826377,71,Motorcycles,HDB
M1,,BLK 85 TO 94/92A PIPIT ROAD,01-04-2024,17,1.3230747812470922,103.88643638826377,50,Heavy Vehicles,HDB
M1,,BLK 85 TO 94/92A PIPIT ROAD,01-04-2024,17,1.3230747812470922,103.88643638826377,61,Cars,HDB
M3,,BLK 19 TO 21/23/24/30/32 BALAM RD,01-04-2024,17,1.3306808562985029,103.88570742110424,52,Cars,HDB
M4,,BLK 22/34/36 CIRCUIT RD,01-04-2024,17,1.3290227941326427,103.88765970175469,285,Cars,HDB
P1,,BLK 196 PUNGGOL FIELD,01-04-2024,17,1.399336854627359,103.90702372583516,231,Cars,HDB
P2,,BLK 199 PUNGGOL FIELD,01-04-2024,17,1.4001046188822317,103.9060288238149,198,Cars,HDB
P3,,BLK 101 PUNGGOL FIELD,01-04-2024,17,1.3984568370198485,103.90577445865668,493,Cars,HDB
P4,,BLK 105 EDGEFIELD PLAINS,01-04-2024,17,1.3972271616954468,103.90562289882705,238,Cars,HDB
P5,,BLK 107 PUNGGOL FIELD,01-04-2024,17,1.3968775546534296,103.90764189630708,346,Cars,HDB
P6,,BLK 109 PUNGGOL FIELD,01-04-2024,17,1.3953685694999656,103.90946234340298,377,Cars,HDB
P7,,BLK 119 EDGEFIELD PLAINS,01-04-2024,17,1.3954279668406948,103.90647015288731,694,Cars,HDB
P8,,BLK 126 EDGEDALE PLAINS,01-04-2024,17,1.3942284461837198,103.91091390677076,283,Cars,HDB
P9,,BLK 128 PUNGGOL FIELD WALK,01-04-2024,17,1.392923918360717,103.91253745829626,297,Cars,HDB
Q8,,BLK 19/23A/23B QUEENS CLOSE,01-04-2024,17,1.294206414374725,103.79956933961498,0,Heavy Vehicles,HDB
Q8,,BLK 19/23A/23B QUEENS CLOSE,01-04-2024,17,1.294206414374725,103.79956933961498,49,Motorcycles,HDB
Q8,,BLK 19/23A/23B QUEENS CLOSE,01-04-2024,17,1.294206414374725,103.79956933961498,40,Cars,HDB
T1,,BLK 101/108 TAMPINES ST 11,01-04-2024,17,1.347570957659386,103.94694258680563,281,Cars,HDB
T3,,BLK 109/114 TAMPINES ST 11,01-04-2024,17,1.346640702213639,103.94744219430476,163,Cars,HDB
T4,,BLK 124/127 TAMPINES STREET 11,01-04-2024,17,1.345420018161259,103.94981419991525,173,Cars,HDB
T7,,BLK 136/138 TAMPINES ST 11,01-04-2024,17,1.3454696968798134,103.94580540367225,64,Cars,HDB
T8,,BLK 137/139 TAMPINES ST 11,01-04-2024,17,1.3464142307721685,103.94419007328723,119,Cars,HDB
T9,,BLK 140/148 TAMPINES STREET 12,01-04-2024,17,1.3478163316816278,103.94364671149819,343,Cars,HDB
U1,,BLK 101/110 BUKIT BATOK WEST AVE 6,01-04-2024,17,1.3483897030538512,103.7469815015126,304,Cars,HDB
U2,,BLK 111/132 BUKIT BATOK WEST AVE 6,01-04-2024,17,1.3498724840365028,103.7463092925488,697,Cars,HDB
U3,,BLK 133/139 BUKIT BATOK WEST AVENUE 6,01-04-2024,17,1.3513919565746573,103.74435163478556,75,Cars,HDB
U4,,BLK 140/143 BUKIT BATOK STREET 11,01-04-2024,17,1.3506535652617195,103.74321996303743,142,Cars,HDB
U5,,BLK 144/149 BUKIT BATOK WEST AVENUE 6,01-04-2024,17,1.3501372413154815,103.7446778817919,67,Cars,HDB
U6,,BLK 150/158 BUKIT BATOK STREET 11,01-04-2024,17,1.348029518209846,103.74410352317285,3,Cars,HDB
U7,,BLK 159/164 BUKIT BATOK STREET 11,01-04-2024,17,1.3487076641474551,103.74209266176062,162,Cars,HDB
U8,,BLK 165/168 BUKIT BATOK WEST AVENUE 8,01-04-2024,17,1.3471619786173128,103.74189460190144,60,Cars,HDB
U9,,BLK 169/177 BUKIT BATOK WEST AVENUE 8,01-04-2024,17,1.3458719785921376,103.74120383317256,225,Cars,HDB
W3,,BLK 4A/6A WOODLANDS CENTRE ROAD,01-04-2024,17,1.4406484395031067,103.76957878115857,217,Cars,HDB
W4,,BLK 6/7 MARSILING DRIVE,01-04-2024,17,1.4424581487521544,103.77674614865398,6,Cars,HDB
W5,,BLK 10/13 MARSILING LANE,01-04-2024,17,1.4407540972620325,103.77819425199445,269,Cars,HDB
W6,,BLK 15/16 MARSILING LANE,01-04-2024,17,1.442102473573417,103.77795396332425,16,Cars,HDB
W7,,BLK 17/21 MARSILING LANE,01-04-2024,17,1.443136124291114,103.7776082944175,14,Cars,HDB
Y1,,BLK 101/102 YISHUN AVE 5,01-04-2024,17,1.4308445425594365,103.82803573858493,12,Cars,HDB
Y2,,BLK 103/111 YISHUN RING ROAD,01-04-2024,17,1.4321665542852815,103.82805888962517,187,Cars,HDB
Y3,,BLK 112/120 YISHUN RING ROAD,01-04-2024,17,1.4347114221949966,103.82888652134125,0,Cars,HDB
Y4,,BLK 121/143 YISHUN STREET 11/RING ROAD,01-04-2024,17,1.4347516057906717,103.83150986637463,494,Cars,HDB
Y5,,BLK 144/149 YISHUN STREET 11,01-04-2024,17,1.4311145317313538,103.83210758322952,153,Cars,HDB
Y6,,BLK 150/161 YISHUN STREET 11,01-04-2024,17,1.432523042353087,103.8341941282175,204,Cars,HDB
Y7,,BLK 701/716 & 701B YISHUN AVENUE 5,01-04-2024,17,1.4273018179334416,103.82745054301381,404,Cars,HDB
Y8,,"BLK 731/746 YISHUN STREET 71,72/AVENUE 5",01-04-2024,17,1.4294449190702871,103.83127807040323,400,Cars,HDB
Y9,,BLK 747/752 YISHUN STREET 72,01-04-2024,17,1.4278309135202538,103.83401256586959,170,Cars,HDB
A10,,BLK 201/202 ANG MO KIO STREET 22,01-04-2024,17,1.3686329816101988,103.84452401517694,39,Cars,HDB
A11,,BLK 223/226/226A-226D ANG MO KIO ST 22,01-04-2024,17,1.3670355338563829,103.83818109685144,251,Cars,HDB
A12,,BLK 229/230 ANG MO KIO ST 22,01-04-2024,17,1.3685678874760032,103.83875932066425,140,Cars,HDB
A13,,BLK 232/233 ANG MO KIO ST 22,01-04-2024,17,1.3680002216486569,103.83680961188597,63,Cars,HDB
A15,,BLK 226E-226H ANG MO KIO ST 22,01-04-2024,17,1.3669676104167936,103.84041745597007,27,Cars,HDB
A20,,BLK 304/307/319 ANG MO KIO ST 31,01-04-2024,17,1.3649433806449376,103.84845709182183,0,Cars,HDB
A21,,BLK 325/326/301 ANG MO KIO STREET 31,01-04-2024,17,1.3681275586160322,103.84631322417127,447,Cars,HDB
A24,,BLK 338/340 ANG MO KIO ST 32,01-04-2024,17,1.3647534118848699,103.84939765277407,135,Cars,HDB
A25,,BLK 330/337 ANG MO KIO AVE 8,01-04-2024,17,1.3627693074361988,103.85162748927686,361,Cars,HDB
A26,,BLK 113/114/118 ANG MO KIO AVE 4,01-04-2024,17,1.37277020220696,103.83544756414713,222,Cars,HDB
A27,,BLK 108/109/110 ANG MO KIO ST 11,01-04-2024,17,1.3703630515394774,103.83832065154083,146,Cars,HDB
A28,,BLK 103/105/107 ANG MO KIO ST 11,01-04-2024,17,1.3716499282715469,103.83746428814888,11,Cars,HDB
A29,,BLK 347 ANG MO KIO AVENUE 3,01-04-2024,17,1.3672262594190754,103.84871559664535,257,Cars,HDB
A30,,BLK 129/134 ANG MO KIO STREET 12,01-04-2024,17,1.370989746679613,103.84241897219859,0,Cars,HDB
A31,,BLK 119/128 ANG MO KIO ST 12,01-04-2024,17,1.370451119270784,103.84369994453293,163,Cars,HDB
A33,,BLK 253/254 ANG MO KIO STREET 21,01-04-2024,17,1.370021011334818,103.83469194577035,0,Cars,HDB
A34,,BLK 422/425 ANG MO KIO ST 42,01-04-2024,17,1.368356473215699,103.8516673741017,118,Cars,HDB
A35,,BLK 426/428/435 ANG MO KIO ST 43,01-04-2024,17,1.3686463926014272,103.85408147411357,291,Cars,HDB
A36,,BLK 436/443/445 ANG MO KIO ST 43,01-04-2024,17,1.366407128174976,103.85527878732992,442,Cars,HDB
A37,,BLK 446/449/453 ANG MO KIO ST 43,01-04-2024,17,1.3681130684840597,103.85555655070172,85,Cars,HDB
A38,,BLK 407/410/421 ANG MO KIO AVE 10,01-04-2024,17,1.3639637058093548,103.85458838271097,591,Cars,HDB
A39,,BLK 401/405 ANG MO KIO AVE 10,01-04-2024,17,1.3611510216695524,103.85407215463442,111,Cars,HDB
A40,,BLK 471/476 ANG MO KIO ST 44,01-04-2024,17,1.3623561505463557,103.85698208598502,388,Cars,HDB
A41,,BLK 466/470 ANG MO KIO ST 44,01-04-2024,17,1.3649369353092062,103.85693260004994,201,Cars,HDB
A42,,BLK 461/465 ANG MO KIO ST 44,01-04-2024,17,1.3665801816548027,103.8573638923934,110,Cars,HDB
A43,,BLK 457/458/460 ANG MO KIO ST 44,01-04-2024,17,1.3659967355506484,103.85926727197673,65,Cars,HDB
A44,,BLK 459/456 ANG MO KIO ST 44,01-04-2024,17,1.3672057432721676,103.85899050852895,92,Cars,HDB
A45,,BLK 570/578 ANG MO KIO ST 51,01-04-2024,17,1.37091769305908,103.85523049601,278,Cars,HDB
A47,,BLK 562/565/560 ANG MO KIO STREET 54,01-04-2024,17,1.3705581670436604,103.8592466089111,209,Cars,HDB
A48,,BLK 571/73 ANG MO KIO ST 51,01-04-2024,17,1.3703712814505038,103.85465226093018,31,Cars,HDB
A49,,BLK 555/559 ANG MO KIO STREET 54,01-04-2024,17,1.3713296059457314,103.85779708766417,104,Cars,HDB
A50,,BLK 548/552/556 ANG MO KIO STREET 54,01-04-2024,17,1.3725224642306968,103.85760956795319,80,Cars,HDB
A51,,BLK 252/253A ANG MO KIO STREET 21,01-04-2024,17,1.3694707392879086,103.83437534502326,11,Cars,HDB
A52,,BLK 701/716 ANG MO KIO AVE 3/6,01-04-2024,17,1.3703854326439207,103.84692254711807,13,Cars,HDB
A53,,BLK 712A ANG MO KIO AVE 3/6,01-04-2024,17,1.370865022691834,103.84687730858269,484,Cars,HDB
A54,,BLK 727/728 ANG MO KIO AVE 6,01-04-2024,17,1.3724343594984003,103.84591535458564,0,Cars,HDB
A55,,BLK 729/730 ANG MO KIO AVE 6/8,01-04-2024,17,1.3736385362783736,103.84666686250289,79,Cars,HDB
A59,,BLK 547/551 ANG MO KIO ST 54,01-04-2024,17,1.3738962213984727,103.85813978410137,101,Cars,HDB
A60,,BLK 540/546 ANG MO KIO ST 54,01-04-2024,17,1.3744644954226042,103.85591341875076,361,Cars,HDB
A61,,BLK 520/534/529 ANG MO KIO AVE 5/10,01-04-2024,17,1.3741704461088198,103.85216001547205,668,Cars,HDB
A63,,BLK 501/513/508 ANG MO KIO ST 52/53,01-04-2024,17,1.3752171305126586,103.84939908200674,495,Cars,HDB
A64,,BLK 584/586 ANG MO KIO ST 51,01-04-2024,17,1.3705348686935976,103.85346179745225,73,Cars,HDB
A65,,BLK 558/560 ANG MO KIO STREET 54,01-04-2024,17,1.3710291589515102,103.85941720762487,69,Cars,HDB
A66,,BLK 601/604/603 ANG MO KIO AVE 5,01-04-2024,17,1.3805449308810438,103.83566062297837,16,Cars,HDB
A67,,BLK 605/612 ANG MO KIO AVE 4/5,01-04-2024,17,1.379686324420461,103.83780488938893,470,Cars,HDB
A68,,BLK 620/624/626 ANG MO KIO ST 61,01-04-2024,17,1.3818976185359835,103.83985421482738,73,Cars,HDB
A69,,BLK 623/625/627 ANG MO KIO ST 61,01-04-2024,17,1.3816414579126424,103.84194543574903,371,Cars,HDB
A70,,BLK 629/626 ANG MO KIO AVE 4,01-04-2024,17,1.3806206411144326,103.84010720676372,74,Cars,HDB
A71,,BLK 628/632 ANG MO KIO ST 61,01-04-2024,17,1.3800090936690035,103.84074189671786,65,Cars,HDB
A72,,BLK 633/640 ANG MO KIO ST 61,01-04-2024,17,1.3807609626295452,103.84353033817392,224,Cars,HDB
A73,,BLK 641/645 ANG MO KIO ST 61,01-04-2024,17,1.3788481891137647,103.84082469669617,255,Cars,HDB
A74,,BLK 646/649 ANG MO KIO ST 61,01-04-2024,17,1.3786516802601012,103.84380466372676,116,Cars,HDB
A75,,BLK 177/182 ANG MO KIO AVE 4,01-04-2024,17,1.3762021780435327,103.83868455774711,225,Cars,HDB
A76,,BLK 613A ANG MO KIO AVENUE 4,01-04-2024,17,1.377977111869396,103.83883480497556,676,Cars,HDB
A77,,BLK 150/156 ANG MO KIO AVE 5,01-04-2024,17,1.376353149333635,103.83997857029887,162,Cars,HDB
A78,,BLK 157/163 ANG MO KIO AVE 4,01-04-2024,17,1.37469471112956,103.8383867909336,422,Cars,HDB
A81,,BLK 170/172 ANG MO KIO ST 13,01-04-2024,17,1.3743555525103965,103.83647879468091,56,Cars,HDB
A82,,BLK 173/176 ANG MO KIO AVE 4,01-04-2024,17,1.3756749223770541,103.83639865272276,114,Cars,HDB
A85,,BLK 340 ANG MO KIO ST 32,01-04-2024,17,1.3651073779508445,103.84970936855989,71,Cars,HDB
A87,,BLK 462/463 ANG MO KIO ST 44,01-04-2024,17,1.3668263586985867,103.85788423737294,85,Cars,HDB
A88,,BLK 348 ANG MO KIO AVE 3,01-04-2024,17,1.3662807156726766,103.84726652678987,13,Cars,HDB
A94,,BLK 104C ANG MO KIO STREET 11,01-04-2024,17,1.371859826873073,103.83831596140145,154,Cars,HDB
A98,,BLK 259 ANG MO KIO AVE 2,01-04-2024,17,1.3691643105914437,103.8318542096479,76,Cars,HDB
ACB,,BLK 270/271 ALBERT CENTRE BASEMENT CAR PARK,01-04-2024,17,1.301063272086422,103.85411804993097,29,Cars,HDB
ACM,,BLK 98A ALJUNIED CRESCENT,01-04-2024,17,1.3210042901052126,103.8850609476153,212,Cars,HDB
ACM,,BLK 98A ALJUNIED CRESCENT,01-04-2024,17,1.3210042901052126,103.8850609476153,51,Motorcycles,HDB
ACM,,BLK 98A ALJUNIED CRESCENT,01-04-2024,17,1.3210042901052126,103.8850609476153,0,Heavy Vehicles,HDB
AH1,,BLK 101 JALAN DUSUN,01-04-2024,17,1.3282834951851021,103.84461988914602,146,Cars,HDB
AR9,,BLK 20/22/23 DOVER CRESCENT,01-04-2024,17,1.3072843627085935,103.78343964059562,50,Heavy Vehicles,HDB
AR9,,BLK 20/22/23 DOVER CRESCENT,01-04-2024,17,1.3072843627085935,103.78343964059562,12,Motorcycles,HDB
AR9,,BLK 20/22/23 DOVER CRESCENT,01-04-2024,17,1.3072843627085935,103.78343964059562,0,Cars,HDB
AV1,,BLK 120/120A/121-127 ALEXANDRA VILLAGE,01-04-2024,17,1.285582554990985,103.80321526415923,67,Cars,HDB
B10,,BLK 404/413 BEDOK NORTH AVENUE 3,01-04-2024,17,1.3290283309691664,103.93370774409033,328,Cars,HDB
B11,,BLK 416/418 BEDOK NORTH AVENUE 2,01-04-2024,17,1.3283420054001354,103.93039617992308,644,Cars,HDB
B14,,BLK 412/413 BEDOK NORTH AVENUE 2,01-04-2024,17,1.3291590930002053,103.93144509494553,61,Cars,HDB
B16,,"BLKS 59, 62-65 NEW UPPER CHANGI ROAD",01-04-2024,17,1.3235011179607499,103.94055949192453,140,Cars,HDB
B17,,BLK 52/57 NEW UPPER CHANGI ROAD,01-04-2024,17,1.3242177380900733,103.94185716126601,193,Cars,HDB
B19,,"BLK 36-44, 60 BEDOK SOUTH ROAD",01-04-2024,17,1.3219245460933828,103.94096096793449,642,Cars,HDB
B20,,BLK 67/73 BEDOK SOUTH ROAD,01-04-2024,17,1.3197997144795004,103.9434203770886,188,Cars,HDB
B21,,BLK 74/82 BEDOK NORTH ROAD,01-04-2024,17,1.3281779629855124,103.94104648719097,387,Cars,HDB
B24,,BLK 84/89 BEDOK NORTH AVENUE 4,01-04-2024,17,1.3326471603740961,103.93829462226246,0,Cars,HDB
B25,,BLK 91/97 BEDOK NORTH AVENUE 4,01-04-2024,17,1.3329691188381496,103.9404903428504,19,Cars,HDB
B26,,BLK 98/100 BEDOK NORTH AVENUE 4,01-04-2024,17,1.3343079868367134,103.94034058725508,162,Cars,HDB
B27,,BLK 101/106 BEDOK NORTH AVENUE 4,01-04-2024,17,1.334117747053459,103.93803813520942,148,Cars,HDB
B28,,BLK 107/110 BEDOK NORTH ROAD,01-04-2024,17,1.3325447895997249,103.93557107829305,228,Cars,HDB
B30,,BLK 119/123 BEDOK NORTH STREET 2,01-04-2024,17,1.3299428347293747,103.93875343367468,196,Cars,HDB
B31,,BLK 124/129 BEDOK NORTH STREET 2,01-04-2024,17,1.328501234271982,103.93885019978536,269,Cars,HDB
B32,,BLK 130/132 BEDOK NORTH STREET 2,01-04-2024,17,1.32741066953255,103.93675747950442,88,Cars,HDB
B33,,BLK 131/133 BEDOK NORTH AVENUE 3,01-04-2024,17,1.3272408584801745,103.93580016456166,83,Cars,HDB
B34,,BLK 134/136 BEDOK NORTH AVENUE 3,01-04-2024,17,1.3283122944351853,103.93567343083883,207,Cars,HDB
B35,,BLK 137/140 BEDOK NORTH AVENUE 3,01-04-2024,17,1.3290580972781518,103.93517620266341,109,Cars,HDB
B40,,BLK 504/508 BEDOK NORTH STREET 3,01-04-2024,17,1.332549947706045,103.93277014516494,337,Cars,HDB
B41,,BLK 510 BEDOK NORTH STREET 3,01-04-2024,17,1.332554918088082,103.93149286604556,26,Cars,HDB
B42,,BLK 509/511 BEDOK NORTH STREET 3,01-04-2024,17,1.332451791449896,103.93082115682425,21,Cars,HDB
B43,,BLK 519/522 553 BEDOK NORTH AVENUE 1/2,01-04-2024,17,1.3311051866136374,103.92760339777347,132,Cars,HDB
B44,,BLK 528/536 BEDOK NORTH STREET 3,01-04-2024,17,1.333971251507989,103.92750877467213,675,Cars,HDB
B45,,BLK 537/539 BEDOK NORTH STREET 3,01-04-2024,17,1.3316799840938944,103.9254289988006,26,Cars,HDB
B46,,BLK 537 BEDOK NORTH STREET 3,01-04-2024,17,1.3313212244714472,103.92418195189418,61,Cars,HDB
B47,,BLK 540/542 BEDOK NORTH STREET 3,01-04-2024,17,1.3308959153973037,103.92224783902383,200,Cars,HDB
B48,,BLK 543/547 BEDOK NORTH STREET 3,01-04-2024,17,1.3300959278033337,103.92342122843812,142,Cars,HDB
B49,,BLK 549/551 BEDOK NORTH AVENUE 1,01-04-2024,17,1.3321857666098362,103.92666820717182,114,Cars,HDB
B50,,BLK 601/605 BEDOK RESERVOIR ROAD,01-04-2024,17,1.330447090796541,103.91306656126876,350,Cars,HDB
B51,,BLK 611/616 BEDOK RESERVOIR ROAD,01-04-2024,17,1.3321465001562571,103.91639624241327,224,Cars,HDB
B52,,BLK 617/624 BEDOK RESERVOIR ROAD,01-04-2024,17,1.3339091800946148,103.91789418746012,181,Cars,HDB
B53,,BLK 625/629 BEDOK RESERVOIR ROAD,01-04-2024,17,1.3342514891559645,103.91517723527488,101,Cars,HDB
B54,,BLK 630/632 BEDOK RESERVOIR ROAD,01-04-2024,17,1.3333637441327215,103.91520373671223,22,Cars,HDB
B57,,BLK 701/708 BEDOK RESERVOIR ROAD,01-04-2024,17,1.3358433945538228,103.91901927098677,262,Cars,HDB
B59,,BLK 716/718/721 BEDOK RESERVOIR ROAD,01-04-2024,17,1.3375088707661624,103.92596102405406,257,Cars,HDB
B60,,BLK 722/725 BEDOK RESERVOIR ROAD,01-04-2024,17,1.3372324411224403,103.92905669850003,171,Cars,HDB
B63,,BLK 739/745 BEDOK RESERVOIR ROAD,01-04-2024,17,1.338153727033021,103.92261646334426,0,Cars,HDB
B65,,BLK 155/172 BEDOK SOUTH ROAD/AVE 3,01-04-2024,17,1.320032910433134,103.94565928752297,447,Cars,HDB
B66,,BLK 637A BEDOK RESERVOIR ROAD,01-04-2024,17,1.3305481549439688,103.90433956320612,394,Cars,HDB
B67,,BLK 649A JALAN TENAGA,01-04-2024,17,1.3320157721544792,103.90639475945405,212,Cars,HDB
B69,,BLK 94A BEDOK NORTH AVENUE 4,01-04-2024,17,1.3334261837031032,103.94197073619374,275,Cars,HDB
B70,,BLK 201 BEDOK NORTH ST 1,01-04-2024,17,1.3262898454257634,103.92799551906192,27,Cars,HDB
B71,,BLK 29C CHAI CHEE AVENUE,01-04-2024,17,1.3242938891913536,103.92430036898243,153,Cars,HDB
B72,,BLK 660A JALAN TENAGA,01-04-2024,17,1.3343770596612128,103.90738977380717,248,Cars,HDB
B73,,BLK 651A JALAN TENAGA,01-04-2024,17,1.3324922679196574,103.9069672461518,35,Cars,HDB
B74,,BLK 671A JALAN DAMAI,01-04-2024,17,1.3328468531898072,103.90905526271882,315,Cars,HDB
B75,,BLK 613C BEDOK RESERVOIR ROAD,01-04-2024,17,1.3330705485281726,103.91760166991956,267,Cars,HDB
B79,,BLK 772A BEDOK RESERVOIR VIEW,01-04-2024,17,1.3367761555089643,103.937406609969,1286,Cars,HDB
B7A,,BLK 216/218 BEDOK NORTH ST 1,01-04-2024,17,1.327131692423387,103.93403695950923,39,Cars,HDB
B7B,,BEDOK CENTRAL,01-04-2024,17,1.32652150183259,103.93484000406869,11,Cars,HDB
B80,,BLK 739A BEDOK RESERVOIR ROAD,01-04-2024,17,1.338268305116558,103.92336060080393,224,Cars,HDB
B81,,BLK 30A NEW UPPER CHANGI ROAD,01-04-2024,17,1.3232111240704674,103.93494255225352,507,Cars,HDB
B83,,BLK 21A CHAI CHEE ROAD,01-04-2024,17,1.3264690136287884,103.92227129473217,154,Cars,HDB
B84,,BLK 215A BEDOK CENTRAL,01-04-2024,17,1.3262261095940622,103.93420475731575,538,Cars,HDB
B85,,BLK 184 BEDOK NORTH RD,01-04-2024,17,1.3260802458998344,103.94135784200374,441,Cars,HDB
B86,,BLK 114A BEDOK NORTH ST 2,01-04-2024,17,1.3307202632986237,103.93556933270682,114,Cars,HDB
B88,,BLK 34A BED0K SOUTH AVE 2,01-04-2024,17,1.322273038633516,103.93829861018831,238,Cars,HDB
B89,,BLK 116A BEDOK NORTH ROAD,01-04-2024,17,1.330959178959611,103.93726546144443,156,Cars,HDB
B8B,,BLK 222 BEDOK NORTH DRIVE,01-04-2024,17,1.3247921202641175,103.9279467399681,152,Cars,HDB
B90,,BLK 35A BEDOK SOUTH AVE 2,01-04-2024,17,1.3225376305970997,103.9396351268252,75,Cars,HDB
B91,,BLK 630 BEDOK RESERVOIR ROAD,01-04-2024,17,1.3327973239947524,103.9142523333679,34,Cars,HDB
B92,,BLK 2A BEDOK SOUTH AVE 1,01-04-2024,17,1.3216973942731747,103.93393509513592,514,Cars,HDB
B94,,BLK 513A BEDOK NORTH AVE 2,01-04-2024,17,1.3322601658831659,103.92935743869766,342,Cars,HDB
B95,,BLK 220 BEDOK CENTRAL,01-04-2024,17,1.325512980351013,103.93508272946283,274,Cars,HDB
B96,,BLK 219 BEDOK CENTRAL,01-04-2024,17,1.3249662904288013,103.93295160832382,165,Cars,HDB
B97,,BLK 714A BEDOK RESERVOIR ROAD,01-04-2024,17,1.3361557899565697,103.92350807855597,383,Cars,HDB
B98,,BLK 748 BEDOK RESERVOIR CRESCENT,01-04-2024,17,1.3360794195523567,103.92191686099011,368,Cars,HDB
BA1,,BLK 106 BIDADARI PARK DRIVE,01-04-2024,17,1.3336954080656827,103.87082697082725,146,Cars,HDB
BA2,,BLK 117 ALKAFF CRESCENT,01-04-2024,17,1.3369045733599745,103.87325519194002,218,Cars,HDB
BA3,,BLK 101 BIDADARI PARK DRIVE,01-04-2024,17,1.3362715926019935,103.8713218447432,340,Cars,HDB
BA4,,BLK 113 ALKAFF CRESCENT,01-04-2024,17,1.3352592556891838,103.87294849581737,597,Cars,HDB
BA6,,BLK 201 WOODLEIGH LINK,01-04-2024,17,1.3402534869386984,103.87218551400792,438,Cars,HDB
BA7,,BLK 206 WOODLEIGH LINK,01-04-2024,17,1.3418727215666244,103.87211590654364,155,Cars,HDB
BBB,,BLK 232 BRAS BASAH BASEMENT CAR PARK,01-04-2024,17,1.2965800277244677,103.85366320640065,52,Cars,HDB
BE3,,BLK 401-408 SIN MING AVE,01-04-2024,17,1.3623638203409012,103.83440656538859,168,Cars,HDB
BE4,,BLK 101-116 BISHAN STREET 12,01-04-2024,17,1.346495537433186,103.8483777826147,485,Cars,HDB
BE5,,BLK 117-134 BISHAN STREET 12,01-04-2024,17,1.346177376367896,103.85096106346923,390,Cars,HDB
BE6,,BLK 135/138 BISHAN STREET 12,01-04-2024,17,1.344748214145811,103.85188334257278,129,Cars,HDB
BE7,,BLK 139-144 BISHAN STREET 12,01-04-2024,17,1.345004699191735,103.8530228907719,54,Cars,HDB
BE8,,"BLK 145-150A, 151 BISHAN STREET 11",01-04-2024,17,1.3444363922829372,103.85531480784528,366,Cars,HDB
BE9,,BLK 153-167 BISHAN STREET 13,01-04-2024,17,1.3471702615474304,103.85618277394856,441,Cars,HDB
BH1,,BLK 1 THOMSON ROAD,01-04-2024,17,1.3249913647150593,103.84245992582541,0,Cars,HDB
BH2,,BLK 2 BALESTIER ROAD,01-04-2024,17,1.3260459729874303,103.84276130300204,13,Cars,HDB
BJ1,,BLK 130-140 CASHEW ROAD,01-04-2024,17,1.373956680109739,103.76932302016635,333,Cars,HDB
BJ2,,BLK 141-151 GANGSA/PETIR ROAD,01-04-2024,17,1.3761350307351357,103.76666134027646,278,Cars,HDB
BJ3,,BLK 101/129 GANGSA ROAD/PENDING ROAD,01-04-2024,17,1.3773101941170232,103.76937734296439,612,Cars,HDB
BJ4,,BLK 219/233 PETIR ROAD,01-04-2024,17,1.3755313767679167,103.77225793527485,594,Cars,HDB
BJ8,,BLK 201/218 PETIR ROAD,01-04-2024,17,1.374699730810128,103.773595837088,687,Cars,HDB
BL3,,BLK 174/179 BOON LAY DRIVE,01-04-2024,17,1.34687470765211,103.70923455522829,81,Cars,HDB
BL8,,BLK 221 BOON LAY PLACE,01-04-2024,17,1.3454251335793708,103.71339091636777,271,Cars,HDB
BLM,,BLK 10 BENDEMEER ROAD,01-04-2024,17,1.3155064401629157,103.8609587327013,412,Cars,HDB
BM1,,BLK 28 JALAN BUKIT MERAH,01-04-2024,17,1.2863026958390145,103.80957147714551,15,Cars,HDB
BM2,,BLK 28 HOY FATT ROAD,01-04-2024,17,1.286850767982192,103.80995307226152,12,Cars,HDB
BM3,,BLK 49/50 HOY FATT ROAD,01-04-2024,17,1.2877077662677319,103.8115277694692,0,Cars,HDB
BM4,,BLK 35A JALAN RUMAH TINGGI,01-04-2024,17,1.2876672842474406,103.80895514474007,78,Cars,HDB
BM5,,BLKS 8/10 JALAN RUMAH TINGGI,01-04-2024,17,1.288431556062145,103.80761950142218,0,Heavy Vehicles,HDB
BM5,,BLKS 8/10 JALAN RUMAH TINGGI,01-04-2024,17,1.288431556062145,103.80761950142218,1,Motorcycles,HDB
BM5,,BLKS 8/10 JALAN RUMAH TINGGI,01-04-2024,17,1.288431556062145,103.80761950142218,24,Cars,HDB
BM6,,BLK 61 LENGKOK BAHRU,01-04-2024,17,1.2895333905488058,103.81376449901671,2,Cars,HDB
BM6,,BLK 61 LENGKOK BAHRU,01-04-2024,17,1.2895333905488058,103.81376449901671,0,Heavy Vehicles,HDB
BM6,,BLK 61 LENGKOK BAHRU,01-04-2024,17,1.2895333905488058,103.81376449901671,0,Motorcycles,HDB
BM9,,BLK 58/59 LENGKOK BAHRU,01-04-2024,17,1.289097998571583,103.81435801840585,121,Cars,HDB
BP1,,BLK 101/109 BUKIT PURMEI ROAD,01-04-2024,17,1.2727949460003773,103.82487004638608,344,Cars,HDB
BP2,,BLK 110/115 BUKIT PURMEI ROAD,01-04-2024,17,1.2740916912695632,103.8270043282818,176,Cars,HDB
BR4,,BLK 81/89 WHAMPOA DRIVE,01-04-2024,17,1.3235772597247624,103.85542137806375,169,Cars,HDB
BR5,,BLK 74/75 WHAMPOA DRIVE,01-04-2024,17,1.32490897072661,103.858190639299,82,Cars,HDB
BR6,,BLK 92 WHAMPOA DRIVE,01-04-2024,17,1.3230388253740852,103.85353576307087,97,Cars,HDB
BR8,,BLK 76/77 LORONG LIMAU,01-04-2024,17,1.3251600111021893,103.85455834180911,83,Cars,HDB
BR9,,BLK 69 MOULMEIN ROAD,01-04-2024,17,1.318962569622553,103.85074308712245,34,Cars,HDB
BRM,,BLK 39 BENDEMEER ROAD,01-04-2024,17,1.32074720245818,103.86617287009035,304,Cars,HDB
BTM,,BLK 2B BOON TIONG ROAD,01-04-2024,17,1.2867839238651977,103.83328974783585,193,Cars,HDB
BTM,,BLK 2B BOON TIONG ROAD,01-04-2024,17,1.2867839238651977,103.83328974783585,50,Heavy Vehicles,HDB
BTM,,BLK 2B BOON TIONG ROAD,01-04-2024,17,1.2867839238651977,103.83328974783585,40,Motorcycles,HDB
BWM,,BLK 2A JLN BUKIT MERAH,01-04-2024,17,1.28692802563295,103.80670138529207,112,Cars,HDB
C10,,"BLK 339,341,344-345,371-381 CLEMENTI AVENUE 5",01-04-2024,17,1.318463207322029,103.7689629452162,50,Heavy Vehicles,HDB
C10,,"BLK 339,341,344-345,371-381 CLEMENTI AVENUE 5",01-04-2024,17,1.318463207322029,103.7689629452162,388,Cars,HDB
C10,,"BLK 339,341,344-345,371-381 CLEMENTI AVENUE 5",01-04-2024,17,1.318463207322029,103.7689629452162,186,Motorcycles,HDB
C11,,"BLK 321-322,324-326 CLEMENTI AVENUE 5",01-04-2024,17,1.3148008328958967,103.76613081145928,47,Cars,HDB
C12,,"BLK 301-302,305-308 CLEMENTI AVENUE 4",01-04-2024,17,1.3217898444678515,103.76610607293541,110,Cars,HDB
C12,,"BLK 301-302,305-308 CLEMENTI AVENUE 4",01-04-2024,17,1.3217898444678515,103.76610607293541,93,Motorcycles,HDB
C12,,"BLK 301-302,305-308 CLEMENTI AVENUE 4",01-04-2024,17,1.3217898444678515,103.76610607293541,50,Heavy Vehicles,HDB
C16,,BLK 430-435 CLEMENTI AVE 3,01-04-2024,17,1.3143139266919819,103.7624815716714,139,Cars,HDB
C17,,"BLK 442-444,442A CLEMENTI AVE 3",01-04-2024,17,1.313857729498395,103.76389656958342,0,Heavy Vehicles,HDB
C17,,"BLK 442-444,442A CLEMENTI AVE 3",01-04-2024,17,1.313857729498395,103.76389656958342,3,Motorcycles,HDB
C17,,"BLK 442-444,442A CLEMENTI AVE 3",01-04-2024,17,1.313857729498395,103.76389656958342,26,Cars,HDB
C18,,BLK 426/428 CLEMENTI AVE 3,01-04-2024,17,1.3122716629084188,103.76337442086931,76,Cars,HDB
C20,,BLK 449-451 CLEMENTI AVE 3,01-04-2024,17,1.3133478208268035,103.7652617466195,36,Cars,HDB
C24,,BLK 110/118 CLEMENTI STREET 13,01-04-2024,17,1.3241976207700301,103.77128667696408,58,Motorcycles,HDB
C24,,BLK 110/118 CLEMENTI STREET 13,01-04-2024,17,1.3241976207700301,103.77128667696408,0,Heavy Vehicles,HDB
C24,,BLK 110/118 CLEMENTI STREET 13,01-04-2024,17,1.3241976207700301,103.77128667696408,105,Cars,HDB
C25,,BLK 101-104 CLEMENTI STREET 14,01-04-2024,17,1.3223512365791492,103.76898892209653,61,Cars,HDB
C25,,BLK 101-104 CLEMENTI STREET 14,01-04-2024,17,1.3223512365791492,103.76898892209653,0,Heavy Vehicles,HDB
C25,,BLK 101-104 CLEMENTI STREET 14,01-04-2024,17,1.3223512365791492,103.76898892209653,8,Motorcycles,HDB
C26,,BLK 105-107 CLEMENTI STREET 12,01-04-2024,17,1.3225877611735402,103.76992906520303,2,Cars,HDB
C26,,BLK 105-107 CLEMENTI STREET 12,01-04-2024,17,1.3225877611735402,103.76992906520303,0,Heavy Vehicles,HDB
C26,,BLK 105-107 CLEMENTI STREET 12,01-04-2024,17,1.3225877611735402,103.76992906520303,22,Motorcycles,HDB
C27,,BLK 108/109 CLEMENTI STREET 11,01-04-2024,17,1.322242262904435,103.77051277091043,0,Heavy Vehicles,HDB
C27,,BLK 108/109 CLEMENTI STREET 11,01-04-2024,17,1.322242262904435,103.77051277091043,9,Motorcycles,HDB
C27,,BLK 108/109 CLEMENTI STREET 11,01-04-2024,17,1.322242262904435,103.77051277091043,1,Cars,HDB
C29,,BLK 501-505 WEST COAST DRIVE,01-04-2024,17,1.3126146115229127,103.75923178966639,0,Cars,HDB
C2M,,BLK 463 CLEMENTI AVENUE 1,01-04-2024,17,1.3109039128795543,103.76786837990917,570,Cars,HDB
C30,,BLK 507-509 WEST COAST DRIVE,01-04-2024,17,1.3114580973813892,103.76142107025267,145,Cars,HDB
C31,,BLK 510/511 WEST COAST ROAD,01-04-2024,17,1.3105631944594394,103.76059908247069,90,Cars,HDB
C32,,BLK 514-519 WEST COAST ROAD,01-04-2024,17,1.3086255588791509,103.75908121333667,285,Cars,HDB
C33,,BLK 601-613 CLEMENTI WEST STREET 1,01-04-2024,17,1.304559437965959,103.7668576180023,480,Cars,HDB
C34,,BLK 702/703 WEST COAST ROAD,01-04-2024,17,1.3070103153054182,103.76093627015365,87,Cars,HDB
C35,,BLK 704-714 CLEMENTI WEST STREET 2,01-04-2024,17,1.305612302412758,103.76143922562333,408,Cars,HDB
C36,,BLK 728/729 CLEMENTI WEST STREET 2,01-04-2024,17,1.305309674520164,103.76355742121392,40,Cars,HDB
C37,,"BLK 720-727,730-731 CLEMENTI WEST STREET 2",01-04-2024,17,1.303538317125279,103.76397169772997,171,Cars,HDB
C38,,BLK 715-717 CLEMENTI WEST STREET 2,01-04-2024,17,1.3028066678176269,103.76252679035996,121,Cars,HDB
C3M,,BLK 416A CLEMENTI AVE 1,01-04-2024,17,1.3098135876321173,103.77013103455903,247,Cars,HDB
C3M,,BLK 416A CLEMENTI AVE 1,01-04-2024,17,1.3098135876321173,103.77013103455903,273,Motorcycles,HDB
C3M,,BLK 416A CLEMENTI AVE 1,01-04-2024,17,1.3098135876321173,103.77013103455903,0,Heavy Vehicles,HDB
C4M,,BLK 413A COMMONWEALTH AVENUE WEST,01-04-2024,17,1.3114801086966732,103.77050251295184,181,Cars,HDB
C4M,,BLK 413A COMMONWEALTH AVENUE WEST,01-04-2024,17,1.3114801086966732,103.77050251295184,27,Motorcycles,HDB
C4M,,BLK 413A COMMONWEALTH AVENUE WEST,01-04-2024,17,1.3114801086966732,103.77050251295184,0,Heavy Vehicles,HDB
CAM,,BLK 88 TANGLIN HALT RD,01-04-2024,17,1.3018210574302524,103.79820565809396,50,Heavy Vehicles,HDB
CAM,,BLK 88 TANGLIN HALT RD,01-04-2024,17,1.3018210574302524,103.79820565809396,98,Motorcycles,HDB
